{"cameraMode":{"drawMode":0,"name":"Shaded","section":"Shading Mode"},"sceneLighting":true,"audioPlay":false,"sceneViewState":{"showFog":true,"showMaterialUpdate":false,"showSkybox":true,"showFlares":true,"showImageEffects":true,"showParticleSystems":true},"in2DMode":false,"pivot":{"x":15.999865531921387,"y":1.1080294847488404,"z":0.03007364273071289},"rotation":{"x":-0.0990147665143013,"y":0.8911327719688416,"z":-0.1980295330286026,"w":-0.3960590660572052},"size":6.4887590408325199,"orthographic":false}